-- MySQL dump 10.13  Distrib 8.0.33, for Win64 (x86_64)
--
-- Host: 127.0.0.1    Database: mobilitymate
-- ------------------------------------------------------
-- Server version	8.0.33

/*!40101 SET @OLD_CHARACTER_SET_CLIENT=@@CHARACTER_SET_CLIENT */;
/*!40101 SET @OLD_CHARACTER_SET_RESULTS=@@CHARACTER_SET_RESULTS */;
/*!40101 SET @OLD_COLLATION_CONNECTION=@@COLLATION_CONNECTION */;
/*!50503 SET NAMES utf8 */;
/*!40103 SET @OLD_TIME_ZONE=@@TIME_ZONE */;
/*!40103 SET TIME_ZONE='+00:00' */;
/*!40014 SET @OLD_UNIQUE_CHECKS=@@UNIQUE_CHECKS, UNIQUE_CHECKS=0 */;
/*!40014 SET @OLD_FOREIGN_KEY_CHECKS=@@FOREIGN_KEY_CHECKS, FOREIGN_KEY_CHECKS=0 */;
/*!40101 SET @OLD_SQL_MODE=@@SQL_MODE, SQL_MODE='NO_AUTO_VALUE_ON_ZERO' */;
/*!40111 SET @OLD_SQL_NOTES=@@SQL_NOTES, SQL_NOTES=0 */;

--
-- Table structure for table `training_data`
--

DROP TABLE IF EXISTS `training_data`;
/*!40101 SET @saved_cs_client     = @@character_set_client */;
/*!50503 SET character_set_client = utf8mb4 */;
CREATE TABLE `training_data` (
  `training_id` int unsigned NOT NULL DEFAULT '0',
  `duration` varchar(2000) DEFAULT NULL,
  `distance` varchar(2000) DEFAULT NULL,
  `accelerationArray` varchar(2000) DEFAULT NULL,
  `velocityArray` varchar(2000) DEFAULT NULL,
  `gripArray` varchar(2000) DEFAULT NULL,
  `weightArray` varchar(2000) DEFAULT NULL,
  `distanceArray` varchar(2000) DEFAULT NULL,
  `timeSamplingArray` varchar(2000) DEFAULT NULL,
  PRIMARY KEY (`training_id`),
  UNIQUE KEY `id_UNIQUE` (`training_id`)
) ENGINE=InnoDB DEFAULT CHARSET=utf8mb4 COLLATE=utf8mb4_0900_ai_ci;
/*!40101 SET character_set_client = @saved_cs_client */;

--
-- Dumping data for table `training_data`
--

LOCK TABLES `training_data` WRITE;
/*!40000 ALTER TABLE `training_data` DISABLE KEYS */;
INSERT INTO `training_data` VALUES (1,'3.8333333333333335','10 meters','undefined, -0.006','20, 21, 22, 23, 24','0, 52, 57, 28, 35, 22, 54, 40, 72, 1270, 72, 10, 65, 26, 128, 61, 1270','150, 155, 152, 157, 160','1000, 1005, 1002, 1010, 1020','0,10,20,30,40,50,60,70,80,90,100,110,120,130,140,150,160'),(2,'15 minutes','10 meters','9.81, 9.82, 9.79, 9.85, 9.80','20, 21, 22, 23, 24','0.75, 0.76, 0.74, 0.78, 0.77','150, 155, 152, 157, 160','1000, 1005, 1002, 1010, 1020','0.1, 0.2, 0.3, 0.4, 0.5'),(3,'15 minutes','10 meters','9.81, 9.82, 9.79, 9.85, 9.80','20, 21, 22, 23, 24','0.75, 0.76, 0.74, 0.78, 0.77','150, 155, 152, 157, 160','1000, 1005, 1002, 1010, 1020','0.1, 0.2, 0.3, 0.4, 0.5'),(4,'15 minutes','10 meters','9.81, 9.82, 9.79, 9.85, 9.80','20, 21, 22, 23, 24','0.75, 0.76, 0.74, 0.78, 0.77','150, 155, 152, 157, 160','1000, 1005, 1002, 1010, 1020','0.1, 0.2, 0.3, 0.4, 0.5'),(5,'15 minutes','10 meters','9.81, 9.82, 9.79, 9.85, 9.80','20, 21, 22, 23, 24','0.75, 0.76, 0.74, 0.78, 0.77','150, 155, 152, 157, 160','1000, 1005, 1002, 1010, 1020','0.1, 0.2, 0.3, 0.4, 0.5');
/*!40000 ALTER TABLE `training_data` ENABLE KEYS */;
UNLOCK TABLES;

--
-- Table structure for table `users`
--

DROP TABLE IF EXISTS `users`;
/*!40101 SET @saved_cs_client     = @@character_set_client */;
/*!50503 SET character_set_client = utf8mb4 */;
CREATE TABLE `users` (
  `username` varchar(20) CHARACTER SET utf8mb3 COLLATE utf8mb3_general_ci NOT NULL,
  `password` varchar(45) CHARACTER SET utf8mb3 COLLATE utf8mb3_general_ci DEFAULT NULL,
  `role` enum('patient','physiotherapist') DEFAULT NULL,
  `fname` varchar(45) DEFAULT NULL,
  `lname` varchar(45) DEFAULT NULL,
  `isLogged` tinyint unsigned DEFAULT '0',
  `profilePic` mediumblob,
  `train_login` tinyint unsigned DEFAULT '0',
  `age` int unsigned DEFAULT '0',
  PRIMARY KEY (`username`)
) ENGINE=InnoDB DEFAULT CHARSET=utf8mb4 COLLATE=utf8mb4_0900_ai_ci;
/*!40101 SET character_set_client = @saved_cs_client */;

--
-- Dumping data for table `users`
--

LOCK TABLES `users` WRITE;
/*!40000 ALTER TABLE `users` DISABLE KEYS */;
INSERT INTO `users` VALUES ('e','e','patient','e','e',0,'',0,45),('elad','123456','patient','elad','goldenberg',1,NULL,0,0),('esf','reg','patient','34','f33',0,'',0,4),('hb','iub','patient','iub','hb',0,_binary 'iVBORw0KGgoAAAANSUhEUgAABScAAACXCAYAAADnPu4CAAAAAXNSR0IArs4c6QAAAARnQU1BAACxjwv8YQUAAAAJcEhZcwAAEnQAABJ0Ad5mH3gAAENZSURBVHhe7d0LdBPXvS/+Ly4nJ02AUG5zyhhOYWEC9F6TpMiH/tvk3iqmmPQQWhYOSZsGm4iV14E2F/7YjinQNKG4IB9TWtKkyZJrDCdpAvKCPNrGxK57FmmWuVJe8C/YJfyhsa2k5BBju3kQrH1npLEtC0vWY0Yzmvl+1lKikYUfe//mt/ds7dl7jJCBiIiIiIiIiIiIKMNy1P8TERERERERERERZRQHJ4mIiIiIiIiIiMgQHJwkIiIiIiIiIiIiQ3BwkoiIiIiIiIiIiAzBwUkiIiIiIiIiIiIyBAcniYiIiIiIiIiIyBAcnCQiIiIiIiIiIiJDcHCSiIiIiIiIiIiIDMHBSSIiIiIiIiIiIjIEByeJiIiIiIiIiIjIEBycJCIiIiIiIiIiIkNwcJKIiIiIiIiIiIgMwcFJIiIiIiIiIiIiMgQHJ4mIiIiIiIiIiMgQHJwkIiIiIiIiIiIiQ3BwkoiIiIiIiIiIiAzBwUkiIiIiIiIiIiIyBAcniYiIiIiIiIiIyBAcnCQiIiIiIiIiIiJDmGBw8iICDfdhzJgxyT9uqkBtQwMO+gMIqt8tJX3taK6tRq2/T30hQqABpSP97LQeuVhUeyK93zmrXEDA/1vsry5FbmQ55Jaiev9BNLf3qO/TEetRP8ETqF2UO0L5RD8KUNH8vvqPNMJ61VYwAP/B/aitWBRVJotQUbs/dq69+DpqN++BP3BBfcGO2JZZmwnaMQXrMX0swzQE5TTTgobaCtwU+feHzoPf6t8GsO5Sx7LTQRrnA/tNRESXEqZxXrQ1eUS5UxLKrxV+SMJZ7hFNbefV9wz4RHT5XhT73CVCUt8rlewSrV2fqF9PlPwzG2tEiVQkyr3HRa/66pB+cb6pcvBnQCoR7n0Hon6fqPdgufC0faR+bUh/V6uoKy+K+x4rGv53x3oo9ewVbb396r/SGutRP9HlFufhrBE+TeuY9aodOae27pJzoVqOXp/oGqyqftHb1iQ8ofKJda4O/Hs5l9a1RvxbO2JbZjXmaMcUrMf0sQxT1t8lWmuGctXIjyJR2dQhl6AeWHepY9lpLu3zgf0mIqJoJhqcVHwqurz3RiR1hyhvOqt+bSRyYm96SDgH3i+5hOd4ZEMbR3+HaKqUG1dnpfAOa5wjnRVN5Q75e+eLkprDMRqOgfeov0ORR7TFamDON4ly5eI/3nsspL+rUVQOu0CP/5BK6sRxXS7sWI+66T8uPEWJ1LEkijzHY3TQUsV61UZEHnU+JJpiDoydF8c9rnBHPMZA88A5n9oAm5WwLbMK87RjCtZj+liGKRnIMwNlEveh1wAl6y51LDtNaXg+sN9ERDTE3IOTUqVoOj9aqxfVmCYyO6v3qPCU5I9yIS4LDbw4RInn6AgzUVRRgzN5bp/8V8TyV+GVf672gzQm1H9aeF1yGctlIpW4xb4DkTOxlNlCz6szsdR6Ux+Syys6tC4c1qNOoj9lj/OQVgtvh8adLtarJvo7vMKlXGSMOoAm620V7tBAjSSc7tYRy31wMGe0/GppbMsswUztmIL1mD6WYQo+ER3e1XJbP8IM8P4u4fO6w7Pu1fIKPTS/U0LGuksdy05D2p8P7DcREYWZbHCyV/jczqFkntAnctEDJKNcYA9ebCwWbt8H6osj62/ziKJRfofQexL92aHGXPm5MbsGFtEven01whn3E1pFxEyswcfo9ZIs1qNOBjqyBn1yznrVwgdyzl0cLp9kB9DivH9wwNO2HW22ZdnPXO2YgvWYPpZh8sL5PLHZX0PnwGjlljzWXepYdtrR63xgv4mISAhz7dYd7MCbh9rUAwlFt38NM0f9DXNwxVWTcIV6BPjhfe0MLqpHw3XDX7MaxbX/Bad7M+5zTFRfH8lFvHesDddXfAuzYv4OH+Pk4d+jUT2CVIRFBZPUgxFc/BtOvXYt5l0z9Nta0zkceXY/4Pbg0bU3QIpZfhMwx/XveN69WD1WvIiaZ1+DdlsLsB71EURPSz02NuaiPG7Z6oX1qongu3LOfS38/IpJuOqK0Sryclx19fjw08CreO0vH4afR8mZcgse3rUaUstDuPPBp3Giz2bL5bMtswAztWMK1mP6WIbJ68brTzfjC3trsaVwSsxdNHOkBXhw00o52w3oxrvdH6nPtcC6Sx3LTjv6nQ+27zcREcliNlNGCJ78E55pDKhHubh++uc1/AWD6PP/GuvLXpQb3ZXYdE8BxqlfGVk3jvs+F79xRh862k6pz2VzZ2LquDi/8dkzOP6v30DBBFMVu/Z63sJL3q8nUMaKifjyd11wDbXgCLxxGu9q1iazHnURbMf+bXUIFP0bVjk/r76YSaxXTQT/jnNvqzn37SN489TH4edpuwxTlpZhlysfgfpK3P+4T64N+2BbZgGmascUrMf0sQyTJ8f2fT/FxjgDMWE5mFDwDawYPAcmYvLEz6rPtcC6Sx3LTjt6ng/27jcREYWoMyhNIHonuURuMVRcuu7diOukRKyVptkaKQMLQod+rh4bfmSn/rY6cW9SZaHcHpI3WH/Icwtf7IVutMd6TFLUOecsFx6vVxzwdZmr3Fivo/vUJ9x5Q2UUax3JQZFrUo2aoyPjRJ/bXM2JbZkVZF07pmA9po9lmLph7YkBuziz7lLHstNeSueDXftNRERhJvrI6xx8LzViYK7JqJ/aDYr6d3CgeN40jFWPwj5G+7PVKGtR3nUjbr9xugazWILo8b2MPYM/WKvvm/1yZpXicdecJMric5g295/V57K8SRifsYJkPSZtYNakeoiW7VhVXIylBbn4TG4pqhv8CBh+NwrrNSFjp2FesUM9CKClbBO2NnfKpTeyoRmBEpzrlmJ+3FkTOZjgLMGWIrmbjRdRtqEB7ba4S4ltmRVkVzumYD2mj2WoDbl9cK/HbbMuV48zgXWXOpadvpI5H+zabyIiCjNP23PxDF7z+tWDRNfokim3Xu0Z+Hcy5/dw2/yoWxd6/gTPxn3h50U348aZWnSYLuDd0yeHLiSlmZg++TL1gNIhXT8dkzMWmazH5Mid2NBak4MlNlygHmXFBcidWoodRwLyu43Cek3MJBQsKopYF6kRVXduwM6R6q7vGOp+siO8JpWzDNX3JXC7a87nMf363PDzxl/C0/J++LmVsS0jWWbbMQXrMX0sw3QET72JQ2/LTxJtHzTFuksdy04PKZ8Pduw3ERGpTDM4OZjEQxJdo6sb/idqsH2wRV0Md/VdcAybpfIx2vc/PvievIXXYYYWf3XwNA4/c1g9kNvyFXZce0UPDqxYdC0mqEe6Yz0mJ3rWZCyBeqz7ShHuqj1mzJo5rNcEKZ/S3xta42jQSHUX7ETz1v8Xq+qPQSrZhdanVkfl2VgiBz/92L7tOcvPAmBbRhlvxxSsx/SxDNPQjdefa0Cj5ILnsVUJtg8aYt2ljmWng3TOB/v1m4iIBpik9Ulyl7iQCwg07wxvChCSjxLPTy/dtXRYo5uHG2b8U9Rtcil678/44+DssTws/Mo1mb0QsZLInW0TqnsNsR6TkzMHrpe6lLVqIXrb0OT1wut9AuXOobl3Q46hflURllQfyfwAJes1cTnTsGzn0/CURAxQDtRdRQPae95B80YXFlR1oaTmMPy/Xo35UqKzKnIwbupMzFWP0Ph7HD6p1aY7ZsS2zLaMbMcUrMf0sQxTpOawmi/A07wDrjkGlBrrLnUsO42lez7Yrd9ERDTEJIOTSe4Shx60NzyEOxY8hBblUCpBTWsjfu3Kv2Ta/PBdU+fh6/lXq8/TEUTPcR8OqUfafV+b6utC21GljhJZx05LrMe0jJuFwmXLsGzZ3dj2hw70tjXBU16kfnGAso7hKjzQcCaDt3izXpM2Lh+uR6MHKOW6216M2Vd9EQtevR51PjnHrr0BUpKnZ86M67AwTz3AYTxz+HQGYyHT2JbZlmHtmIL1mD6WYUqCAfh3bwrnsMAR/PGFl+EPXFC/mCmsu9Sx7DSl0flgr34TEdGQTPaeY4taa0uafA5vHfjtJQk9GPDjYMOTqLhpDmYXV8kXc/kocXvh8z+JtfOlEf6YqFksmISJ47WYaxK1cYFma3+lIdCA0jFjMEbrR2nD6LfwpiXiVkVpJTbdk8l1ikxYj7GYvn5zMG5WIVzbnkdX6y6UDJtIeQy1a36Flp5Mda2yoF7NWJ+hAcp98F4ywKz4DMaPvzK1BmPsP2HGDQO97AAa//hnvKceJSUbchzbsvRlZVtmZDumyKK2zLR4LiSlrx3NSg5b4EDByu3hD1eUGfdlxShw3J3hNacZ/6nLorKz0/mgRb8pK9tSIrI7EwxOBqN2icvHwrm58i/WiWfvmD4sIX4mtwBLi/cDK34O7wEfuvqPYvf6ZXDEvMUwahZL3kxMu1qDC7phGx7I31artb/sqO8tPLdHuVUxH65d98KZydkmrEcdXAZp/v14tLlu+ABloA7b9rdn5mKF9Zq6cXOw7IcVKI++S7+lCsWzl6Oi4UQKt+h/FhMnR9yifMiH4xkbqM4ktmW2ZWQ7pmA9po9lmLCL/mrMHD8bC4rvwfaWEYYpQusW340af7f6gs5Yd6lj2aVNn/PBLv0mIqIownAfiTbPcqH8KqGHVCmazverX0vTpz7hzlO/r/Io8og2Db51f5tHFA18TzhEedNZ9SuUnE9Eh3e1kORylFxe0aFRtSeK9ainftHrqxHOwfKVHxqdf6NhvaZKrrM2ryh3SkIqcYt9nvLh9Rd65IsSz1HRq/6LxPQKn9sZ8T2WC0/bR+rXrIRtmT0Z244pWI/pYxmm4hPR5XtR7HOXhOJ/MD8NPJw1wter/wnBuksdy05LWp4Pduk3ERENZ/znY1G7xGFhAb6k1ayDD8/j7Ifqc8XkiRif9rdOZcMDGkmw8wVsXvMoAs4aPL9zKaZkNBpZj/rKwTjHXah2L1aPZUdPoqNP709+Wa+pURZwfwRLZhdjzxer0PzoOtzqqsLzx6NmwKa0ydFYjJ8UuYbVKbR1GLKHu77YltmSse2YgvWYPpZhai6D5PhX3Lp+Nzq6WlEXvSRISy1+2fiOzndMsO5Sx7LTlpbng036TUREUTLejb7EsF3iJBR9/b/jC+pR2v7ejXdHmGGfnmQ3PKARBc/gwOYfoRYueB5bBUfGy5D1qL+JcNyzbugW4cA5dP9d78FJ1mvylIHJqvAC7tJq7Nr6XcwJlVkOxs0pxa/9jagctht7spscyZ3siZEXPHJe7v5IfW4hbMvsx/B2TJEl9Wjq9c94LqQrR5qP0qpaNFVGDsgcw+9a35ZLV08mrzvGvS2lfz7YpN9ERBTF4FYoepe4G3H7jdNNMGIax7AND+QL0Nu/hplsy5PUgxN1D2NNbS4q9z6MlXMmqK9nEOsxMyZci0UrHOpBBrBek6bM/Np4p7JbtFxeW9Zg6ZTh6x7mSAux9fnGqJ28lU2O3DjQmeldWc2KbZn9mKAdU7Ae08cy1EbOFBQ+OHzN4sAbp/Gunp9Jsu5Sx7LTlxHnAxFRljO4GYraJS5vPq6bYeYd9qI3PJiNhddNTbIQe9De/AyqS29AacM76mt2oszS2oH7Vx3BN71PYEvhFAOCUIt6lAUD8B9UdtzNHfo0O7cU1ftb0K777cvZYhymzp6hPteblufn3OF12uBHwJJV+j5afr4VtaEyizOgFtrJ++nhA5SBBvzqpVNyqRPbMru1ZWZoxxTatGWh3eNrK3DTQM6TH7ml1djf3K7drDdpGXYLoaxzru1j9zIMW3kiaRqUobJT7/5qlObeh4bARfVFm5owD7eti1jO5e1z6NWtkciCNt/Kca/kQf8LqK1YNFR2Y+aitPoZNLf3qO+xuYyeD0RE2c+Y/vSA4Ps4/UaXeiC34cXzcI0GG5Dq5wLePX1y6AJU+irmXXOFehDfUOf/Ksxe8B2U1b+nfsVOgug78TQevHM/vuh5GjuXTTMoAFOvxwHBwCFsWOBAwdKo3fkC9ShbfhNmL9mIBnbOZBG3phTNR/4X9DzB06zXYCeaNyxXz89j6osypU6LC+C4azdOWG3QOfCf2L1dnTlRdDNunBlnQG1cPlb+tCbiFu8AGp/5E06yo822zFbM0o4p0m3LlEHWH2OBsnv8qu1oUV9VBOrLsHyBE0sqGiz+YVuqZRgxMKPs1Lu8DPURXQH7moBr5l07NHCWN0mD9XFjYZufOi3KbglyC5Zg1fbBVStlx1Bf9h0smL0cFQ0ndL6lPxtk8nwgIsp+hqbI4Mk/4ZnBNbocWLHoWjmNa+jKiZic3keLw0VteCCt+AYKEtnwIHgCdRu9+K+J12HxsFsjNWTqdW3Cgp0H8EBhJf66zoNHXfkYp76ecanW4wBlnbGNlXh1/o9xwNeFfvWT7P7IBbBbqlB8rwd+rTq2WVC/I7uI3u5z8v8zcMtQWvXaDX/NGjzSfzua2s6rsxP60dvWBI9ap4H6SjzwbDs0qVGT1OfFrlN4RX2eyCYrOdICPLhp5VBHO6VZAHJenvhZ9XkSTHwOsC3TkMlznWnaMUWabVl4SYc/Yb7nefi6PlHz3ifo8tWjPPQhRAAt29fg3sd91h1kSLEMg+1PY+OzAUz8l4VRm4ZpKCvb/RxccdUkDAxzSddPx+TEQzI52dTmm01aZXcBnQeqcOer18NzwIeu/nAfWPR3wVdXDmfoPY3YXrwej/u7Q0easPX5kEK/KSvLi4jsTq8uQwIu4r1jR4Z2icMMzJ6qcTf/iqtwdeQHga+cQlcad9ykfAGaMwcuz1a4lt2BdT9ci8jlke1CmWm48c5ynFq5G0+tm2/oBV16AwlB9LR48KsvVOGpqrvxbYc0eBJdsgB2ixsbrNqxTdjAguv6r8GXTr0G2w/il+f+Ta5TFwpnDfyrHIybVQhX1RPwupSBGKvNFAziw/PnELkJ9OhyMKHgG1iR1MX4wAD1AB1yvaHYltmFmdoxRXptmbKkgxdf2FuLKtctcEgDa80qO86uQNVTu9VZ0soGWNV4tv3j8JctJtUyzJlVCs+2u7Hs1jX44Zbl6qs0XLIxmRy2+alLK3f0HMbPf3U19j71CFzfdkAa6gTDUfoInmp6SB2gfBFlGxrQbu9OcIRkytnq/SYiopEZODjZjeOtPvW5bLRbClMxdhrmFUdsxvHhOZz/MNVWMoi+jpM4qh6l2lDkjJ+IyepzTZl2XRu55JQLujvux6tffQxPbVk41JGJp68dLf6ADgN76dbjh/jL6Txs3bBg5L9j2ALYGnZsTVy/8QTbn8O27V1wutfjtll6rsGXXr2GLjS3xojNnH/GN763JFxOWq0XZIr6lC/Eps7EXPUI73Yn9rdFDJQldvuy3Mk+d1Z9LpNmYvrk4ZvuJMS05wDbMk2ZtJ7N1Y4p0qzHi+/g9JQHsCHGepnDZ0kfxjOHT+v0dxhJi3MhelddDWVlu/8xTr15BG8rT53fw23zdSqbNOsu422+qaRXdhf/0okpWx9A4eAHGpEug1S4GpvK1faq8fc4fFKjDzZsdT5o0G/KyvIiIrtLpHutj4zsEhe1GUfgHLr/nmovI2rDAz0uQC0ofEFXiroZ27E30Qs6ZS2brT/G787/gw4Bmm49joPDVQrHuDi/WeQO1XZe/Fq5/X3bDjQ6y1B9X4HOs4z0PD+Hbssx/1qCycmZ+TXcXqR2M4+eREdSyxAkOgvgA5w5GrFhytyZmBrv/Mk2bMssz3ztmCLNehz7Zbh+EG/2Z+Qs6YDclP3dgoOTPBc01/cWntuj3C68GO7qu+L3ldLCNj916ZXdWMcK/MAxUT0aySQULCpSB7DO4lyvjTeJSvl8sHi/iYgoBoMy3QV0vtyQ9g6To7scM2+8OeLWszac6krtE7zwDDC9L0CtZfCC7otVaN65FFNGLS91gflKFxbUTcOiAu0/cc9MPV6Oq64eH35qqcWvg+hrfwnVpTeNvhtj3wk0VN6D4lO3oump1TpeoITpW6/q7c/Sauz6wY263aJmiJxZuG1rWfgWrEAdHnlitLXl5Bh48z/xojININFZABf/hlOvhOYNyKyWO9mWWZ0Z2zFFRupxcJa0JDdlVxrVYdQNz4UEhDY+Ce/GrOzg3hBvJnDfMdSuXoWyFrl5cG/GfXEHsNLDNj91+sd95DqLV2PSeAuN7mbqfLB0v4mIKDZjUl3fG3j6F5EL6s7GjFx9Pq0eNjMI7+DomQ/U58noxuvPNUSsKXYFJk+0XkddSwMXdFUtAQTqV+JL4z8TaszjP/5R3fnvKIq2lMAZuTh3MIAjO0qRG3rfXJRWv5TCDqKZr8e8hddhhmUCpRONP1mNsvoWdTfGGy4dpJTryX/wSVQsKcSad7+F1qcqY9z6o8qGeg2+g5ef/RBbmrdi2ZQUbkc2tRyMc6zCYx6X3P1V1pbbhK3NnTE728FAE7aud6PF+VDig85nz+DoQB87A2uPZhTbMkvTvB1TZGVbptegu5F4LiTkvVbsrgqXkrKDe3FBLqaWVmN/c/vQB1mD7X4RVtUDJTX7Yq/JyjbfYBmO+7z5uG6GhWYja30+xGLlfhMRUTwio/pFb1uT8JQXCeVHDz0k4SyvF76uT9T3aekj0eZZPvizpPImcV79SkJ620Sju0TIl4QRv6/8cFYKb1tS3ymsyytKQt8jT5R4/6q+aC39XY2i0ikNL6+kHsuFp+0j9bsphtfhwENyeUVHv/qW0Whdj3H9VXhL8uTvH/13ZLtPRId39aVlGP2QSoTb6xNdo9ZNFtRrf4doqlwt3L4P1Bes6rxo81YKZ6j88kWJ2zs8H8vl3LTPLUokuX5KdonWhHN1vzjfVDlUP0Ue0ZZo3Zoa2zKrt2Xat2OKLGvLBurYMuetStMy/FQupnvV73Gv8HZ9qr5uEb2twp3geSCVuIXX1yVnx1jY5hsqY7lj4JyQRJHneJx4yEKang+xWLXfREQ0ugwNTp4VTeWOSxL3yA+n3CnoVf+dRs43iXL5ojr0/fPcwjdq3zGZ31d5JPE7W31w8lOfcOdFl0+Sj0sa4l7hcztHeK9DlDedVd8zEh3rMY7+Dq9wKYM4yXS4s8Ynosv3/AiDMsqA1n8I74FEBiUHmLhe5U58k/cJUT7YCS0S5XWtSfxtWSr0d/+HcJfkR5Sf+vd79okDSXe0Iy9GR6vXbMC2bJCV2zJd2jFFNrVlAx9G5QuX97QFBhj0KkOLD04qlHZB/XAqupyUAZh93gOiKaHBLbb5mWdA7ug/LbwuuQ8hrRbeDj0+qDOYZudDLFbrNxERJS7DMyeNEpnoDZ7NZoOZk3ro7zosakIDJsrMpCfEvtCnv2YsQzXWrNop05gZ6/VTn1vkqR3N4Q/5d3S3ypdXlLD+48JTpF7s8dN/DbAty3ZZ05ap5641P2TTkg0GJzXENt/6+ts8osgyH2oYgP0mIrIxmyxhcTlm3bYebqckPz+MPc+9NcqmD2Q2OdINWLv7KOQrYvxh29249XvfxkL1a2YS7Pwttm08DteuMiy13FpF2jNjvY51rMdJ5YOb3jY07XOjREkbIcqajA/jcX+3ekyjCZ78E55pVFZkXAz31mWYxUWT0sS2LNtlR1t2AZ0HdmHj0WXY9fAtCWwCRJQYtvkWFzyDA9t24Kjrx3h46TSuk5gC9puIyM7sk/LGFeC+amVXWrmzUVOPxs4L6hco+wTRc9yHQ5iHr+dfrb5mAkqnbPNWnFpZgy3slKXAZPU6bhYKb12P3e1H4SnJV198EY//4W1cVI8onvfR4vklGiHpvnOrrbAtsxBztmXBzhewec1fsHJvJT9kIx2xzbcW5UMNN9acuhV7t/BDjdSw30RE9majpiNiV9rAo1iz+QV0JrtBIJmDspPifzwPlN+HW2eZZRfAcKes/OL38diGBZDYKUueKetVNi4fK7f+GC51NsXbR8/gbPgpxRREn38PHtnuB5xlqL6vILmdKikOtmWWYcacF/qQ7Re4uOXfsaFwCj9kI/2wzbeU0Ica5R9hy2NrUSjxQ43ksd9ERGSzfucEzFn5MPZWFiFQ+yNsPnBGbgooqwQ70bzxHqy5uB7Nm5xyjZqB0qF4FK6D/4IXHl2BOeN4OZc0U9brkJwp/wvfW+FQj2hUfT48vt6NFmk1vHtXw8FzQmNsy7KeKXNeN/w1G3Dwhl/gUVc+L4xJP2zzraXvCGpcjbjhhR1wzTFbbWYJ9puIiOw2OCnLmYLCLbVoqsxFbfFq1HAtmSxxAQF/A6rvuhO7J61Di2kGAYPoO7EHqzf0oOKn3+XAZNLMWq/RJuJLXykIPcubOw0mWkzAfJSLzq2bUNb2TXiat2IZbwvVB9uyLGXWnNeDE7UPYsO5lfjpSg5Mkl7Y5ltO3zHUrq7GuYpNWMmBydSw30REFGLPkZTQRV0dWmv+G2oKbseG5k7OOjG1Pvir78fP3rwMN/30JexevwizTNKZDQaasLWqA6V1lbyNJWnmrdfYHCieNw1j1SOK0ncCDZUuLHj1a2jyP8YZFHpjW5ZlzJrzLiDQ/AtUnSxG3ZaFXJaEdMI233JCg2q7cLJ0B7ZwGYjUsN9ERDTIvu1IjoT5a5+E33cn+h/5Nu7a8QoCvKozqXFwrPdgm+sWOEw0ABgMHMLGlV7MrPx+nIFJ+aLv9WOMrRGZs15H1o3jrT5Irg34gfPz6ms0RJkNswcVS+7Ewcmb0dX0Iw7WZwrbsixixpynDExWYeXuqaiMt15yMIDXXw9w8JvSwDbfUkK35q/F7plr4q5PGwwcw+sBbtx2KfabiIii2fxDrssgOVZgW9Pz+MGkV/G71/vU14niGxyY3Lk99qec8sWcf/cmrPzN33AlP042sQvobFiD3DFzUTriwI66SPme/we7HuYOlCO6+P/hdwc/xaJfNWP32hs48yrj2JZRKgYGJqdjZ5zba4OBI9hduR6/+eAfODOKLIBtftoGByY3x1mfNjz4VrnyWXxwJeeeXoL9JiKiS4wRMvU56U5Z02ktClfVIiAfSSV1aDbtejsUS2hg8o5SVLUotTgaB8qbfo9thfzk3byUW82WoKCsJXQkldRg9w9XYeGsCUplw7/nZ9jQ/EU88tO7MZ+fahPJ2JZlv/DA5B0LHkI4841CqkTTiS0onMA6Hia03t53sar+mHyQjxLP09xMyPTY5qclNDDpwoKqRvWF+KTyJpzYVmi6TY+IiMh8ODiZEcM7QpfIc8N3Yj0c/GDR/HqaUTFnAbYnMi6pcNbA9/wD3HXP7Pracejxn6C0rD402BJWhHLP3fjK9GtRVDiLF5tEbMssIig3ZRsxZ0FVRL6LR4LTfQDPr5/PPDjgoh/VcwpQ9rZ6HCXP7cOJ9Q6uVWhWbPNT9D6aK27Ggu1+9Xg0i+H27cV6x0T1mIiIKDYOThIREREREREREZEhOJ2LiIiIiIiIiIiIDMHBSSIiIiIiIiIiIjIEByeJiIiIiIiIiIhsQVlHuABjxoyJ+8gtrcb+hgYc9AcQVP+lXjg4SUREREREREREZAvjMHX2DPV5bIH6MiwvLsbSglx8JrcU1Yfa0ad+TWscnCQiIiIiIiIiIqKRBepRVuTEkg2HENBhGiUHJ4mIiIiIiIiIiGzhMkyePhOSepS4AFqqSnFHzRHNZ1COETL1OREREREREREREdnWBQT8L+PVM904dbAKZfXH1NcHLIbbtxfrHRPV4/RxcJKIiIiIiIiIiIiiXEDgyJN4cOka1AfUl2SSy4v/8+QyTNHofmze1k1ERERERERERERRLoM0/348+nwNnOorikDtb/DSyY/Vo/RxcJKIiIiIiIiIiIhGkINxjhXYVO5QjxWn0Nah3cqTHJwkIiIiIiIiIiKiGCahYFFRxCY6XXjj9PvQauNuDk4SERERERERERFRDDkYN3Um5qpHys7dR9u6NNu1m4OTREREREREREREFFPO5Om4fmjqpKY4OElEREREREREREQJC7xxGu9qdF83ByeJiIiIiIiIiIjIEBycJCIiIiIiIiIiIkNwcJKIiIiIiIiIiIgMwcFJIiIiIiIiIiIiMgQHJ4mIiIiIiIiIiMgQHJwkIiIiIiIiIiIiQ3BwkoiIiIiIiIiIiAzBwUkiIiIiIiIiIiIyBAcniYiIiIiIiIiIslywvRaLxozBmMHHbaht/1j9qqqnGRW5ke9J8HHVAmwPqN9D0bgKsz8z8PURfk4SODhJRERERERERJkTDMB/8ElU3JQ7NPCRW4rq/S1o7wuqbyLKcozzhHFwkoiIiIiIiIgyIhg4hA0LHChYeg+2t0RMwwrUo2z5TZi9ZCMa2nvUF4myE+M8ORycJCIiIiIiIiL9Bc/gwMZKvDr/xzjg60K/EBDyo7+rFXXlReH3tFSh+F4P/JxZRtmKcZ60MXIBCfU5EREREREREZEOguhpfgjLX/6fqNuyEFL0VKlgJ5o3urCgqlE+kFDkacbvXHM4o4qyDOM8FTzPiYiIiIiIiEhnH+Ivp/OwdcOCSwdsFDlTUPhgBcol5SCAxmf+hJOcVEZZh3GeCg5OEhEREREREZHOxsHhKoVjXJxhiAnXYtEKR/j52+fQy0EbyjqM81RwcJKIiIiIiIiITOByXHX1+PDTvEkYzxELsiTGeTQWARERERERERGZSt7C6zCDIxZkcYzzMBYBEREREREREZnABzhz9B35/8ux4Vv/A2PDLxJZDOM8GgcniYiIiIiIiMhwwc7/gxcPvQ3J9R0smnm5+iqRtTDOL8XBSSIiIiIiIiIy2Mc4+dJvUIvV2PXwLZjC0QqyJMb5SMYImfqciIiIiIiIiCjjgp0NuPtffgTsegFPLpvGmVRkSYzzkZmgHC4i0HAfxowZk/zjpgrUNjTgoD+AtHZe72tHc201av196gsRAg0oHelnp/XIxaLaE+n9zlnlAgL+32J/dSlyI8shtxTV+w+iub1HfV8MF19H7eY98AcuqC9kA8a1pbH80hCUQ7MFDbUVuCny7w/lg9+Ofp5nXT5gLrAslp0O0sgPWdlXsJh4uSYk3B9saHgSFTflYma1X86QNCrGdvIYi/rQOxaDZ3Bg81acWlmDLUs5YDMqxrk+GOfGUWZOmsN50dbkEeVOSZnJqT4k4Sz3iKa28+p7Bnwiunwvin3uEiGp75VKdonWrk/UrydK/pmNNaJEKhLl3uOiV311SL8431Q5+DMglQj3vgNRv0/Ue7BceNo+Ur82pL+rVdSVF8V9jxUN/7tjPZR69oq23n71X0WT67t1V7ie6lpFV6y3mRLj2npYfinr7xKtNUPxPfKjSFQ2dcglGEu25gPmAmth2Wku7fyQzX2FbBcn18j16jvgHZbPBh55bp/4VH0bxcPYThxjUV96xuInosO7WuSV1InjMa8JKYxxri/GuVFMNDip+FR0ee+NOIkcorzprPq1kciB0/SQcA68X3IJz/Hoi7wY+jtEU6V8MeCsFN5LLgwHnBVN5Q75e+eLkprDMQJz4D3q71DkEW2x4ux8kyiXRnmPhfR3NYrKYRfi8R/SKCfpwPdL7SLdSIxra2H5pWQgNgfKJO5jtAHKbM0HzAXWwbLTlIb5IXv7Clkqbq6Rz4HKB4R7n1d4vfuEJ+rDal4oJ4exPQrGYsZoH4v9otdXI4o4YDM6xnnGMM4zz9yDk1KlaDo/WsVFdf6dNcI3WmX3HhWeknz5vQ+JpniB1n9ceIocosRzdIQZJ6rQe4YG4OKf9H8VXvnnFnmOx73otoT+08LrkstYLhOpxC32HfBFXLzJF9y+5y9JmKH3uryiI07hDCSJUevOVBjXlsLyS0H4U0JppJmCyie8XrcoUQZm1PIKPRKI+ezLB8wFlsGy05D2+SE7+wpZKNFcM2BgED6hc4JGwtiOgbGYcdrFYr/oPV4nSooY06NinGcc4zyzTDY42St8bufgCZTYDILo26ZGmYkyOGi2WLh9H6gvjqy/zSOKRvkdQu9J9GeHLj6UnxvzUsYiwp8KOOPOKFGcF8c9rqgp5wnUS4dXuJREmzUdM8a1lbD8khc+ZxOb7TR4noxabmHZlQ+YC6yCZacdvfJD9vUVskwSuWZQUgP2FAtjOwpj0TBaxGIov5dsYSyPhnFuGMZ55phr/c1gB9481KYeSCi6/WuYOepvmIMrrpqEK9QjwA/va2diLPbaDX/NahTX/hec7s24zzFRfX0kF/HesTZcX/EtzIr5O3yMk4d/j0b1CFIRFhVMUg9GcPFvOPXatZh3zdBva03ncOTZ/YDbg0fX3gApZvlNwBzXv+N592L1WPEiap59DfG2yMmZcgse3rUaUstDuPPBp3Giz+RbBzCuLYTll7xuvP50M76wtxZbCqfEXPQ5R1qABzetlM+QAd14t/sj9XlsWZUPmAssgmWnHf3yQ9b1FbJKMrkmQs6VmDjZbjGuPcZ2JMaikdKNxWDgEDau9GJm5fdRKF2mvhrtAgKvH0PA1imccW4kxnnmjHpZlEnBk3/CM40B9SgX10//vIa/YBB9/l9jfdmL8kXCSmy6pwDj1K+MrBvHfZ+LfzGBPnS0nVKfy+bOxNRxcX7js2dw/F+/gYIJpip27fW8hZe8X0+gjBUT8eXvuuAauuJA4I3TeDfuiXkZpiwtwy5XPgL1lbj/cZ9cE+bFuLYSll/y5HP8vp9iY5yBh7AcTCj4BlYM5oKJmDzxs+rzeLInHzAXWAXLTjt65ofs6itkj2RzDWmPsR3GWDRe6rE4OGCzcztccyaor0YJBuDfvQkrf/M3XGm35nEQ49x4jPOMUWdQmkD0zpeJrMWliL7lLcaU5d5W4Q7dEiRpt6bTsHUcNPy+Wa6/rU7cm1RZKLez5Q3WH/LcwjfqnPPIek9ienvGMa5th+WXuk99wp03UHbJ7FqcDfmAucBWWHbaSyk/ZENuyDJp5Zrh/T3eYpgOxjZj0SySj8VLl+qI90hsmR/LYpybBOM8E0w0NnsOvpcaMTCnZNRZBoOi/h0cKJ43DWPVo7CP0f5sNcpalHfdiNtvnK7BbJUgenwvY8/gD9bq+2a/nFmleNw1J4my+Bymzf1n9bksbxLGj/qPczDBWYItRXKKwIso29CAdlNOg2Zc2wvLTxsSnO71uG3W5erxaLIhHzAX2AfLTl/J5Ids6StkCz1yDaXG7rHNWDSPJGOxpxmVjiJUheouAc7v4bb58e5UsDLGuXkwzjPBPPF98Qxe8/rVg0TX4pIptxDvGfh3spEqtudP8GzcF35edDNunJnoBW88F/Du6ZNDF4zSTEyfHGsNAUqGdP10TE6k7nM+j+nX54afN/4Snpb3w8/NhHFtMyy/dARPvYlDb8tPnGWovi/J21bMng+YC2yEZaeHlPNDNvQVNNWD9uaDaGhoCD32V5cid8xtqG3/WP26rK8dzfurUZo7BmPGKI+5KK1+Ce2jraOlS66xIh3rIJLpY5uxaA4ZiMdkYnFCIbZ1hTblTezxh7VwJPRhrlEY58YzYc61XJxniFwYppDcrpYDPhA+9+KI6bAjTbH9SLR5lg++R7PpzFG7X0nlTeK8+iVKVuQOtslMaY663TGhnW8zi3FtMyy/NKhxL7mE53gqpWbufMBcYCMsOx2kkx/M31fQxqeiy3vvYNwNewwul/OJ6GrdJUoGlxyIesTdiVSLXGP1Wwz1roNoZo1txqI5ZDIe7ZJnIzHOjcecazUmGZ5NclfLkAsINO8MLw4bko8Sz08v3b0qeBqHnzmsHuThhhn/FHU7XIre+zP+OLixQR4WfuUaxFjilEYTuYNtQnU/IAfjps7EXPUIjb/H4ZMRn5AYjnFtOyy/FKlxX/MFeJp3xF4wOi4z5wPmAlth2Wks3fxg9r6CVsZCWva4OgvjLJrKHerrcsopnodrxvbgRO39cFT8FYXPd0G+npLfdx5t3ko41fdB2Yn0Z4fRox4Oo1eusRSd6+ASZo1txqI5ZDIe7ZJnIzHOjcecazUmGZxMcldLOXzaGx7CHQseQotyKJWgprURv3blX3Kbz/DdUefh6/lXq8/TEUTPcR8OqUfafV+b6utC21GljiQ41y3F/CR2K82ZcR0W5qkHOIxnDp+Wa8csGNf2wvJLibpDXSjuA0fwxxdehj9wQf1icsybD5gL7INlpymN8oO5+wp6uBxXXT1efe7AikXT0FVbjgfaFqPl+SqUOiT1AmACZi0rR7V7cehIEdjzMnw9l5aOPrnGyrSvg5GYP7YZi+agfzzaL89GYpwbjznXCsJ1ZLSoNbWkyefw1oHfXtIBDQb8ONjwJCpumoPZxVXyRVs+Stxe+PxPYu38gYCLFDVbBZMwcbwWnzlEbVBghjUgAg0oDa2foPGjtGHo79TFx2jf/zi2Kz9EWolN9yS5ztzYf8KMGwYyRACNf/wz3lOPDMe4thnmhaQoa78ocb/AgYKV28ODcDiG+rJiFDjuxo4jgeQbe7PmA+YCG8mSsjN7n0Hr/KBFbsimflbkHSmYjc+9thW3/PGr2LlpKWZd8sHIBFwz71pI6hECr+K1v3yoHgzQK9dYmOZ1EIOZ+8EKxqI5ZCIezR6LemKcG4851xKia8oAwahdLfOxcG6u/It14tk7pg/rwH0mtwBLi/cDK34O7wEfuvqPYvf6ZXBIsRaaj5qtkjcT067W4MQetrGB/G0XXocZJijJrNT3Fp7bo0xZz4dr171wJjFrMuyzmDg54jbHQz4cT/CTD30xrm2H5Zewi/5qzBw/GwuK78H2kXaxC9Rj3VfuRo2/W30hUWbMB8wFtsKyS5s++cGsfQV9DJ9x8xQqaz6L7Vu/izmXXKApcnDFVZNwhXo0Mp1yjYVpXwexmDu2GYvmkJl4tFeejcQ4Nx5zrjWMVFsZFr2r5RKU3vMdLFt2N7b9oUtdQyDy8RK2uW7Fsm87II3220ddJCBvEsZr8BcP7hgZ4kDxvGnGrwEhLcPuS8pKg8fuZUOfKmjuAjob61EjX3xIrh/j4aXTUgjIyCncssBJnH43uVu+goFXsKN0LkK7du14BQFN8gvj2m6YFxI31rEeJ0Pf6xN0+V7EPnfJCN/vRZSt/zX8yeyil2Y+YC4IYy5IXdaUnYn7DPrkh/T7CtnTz7qI944diZhxo3z4W4alU9LYMV6nXGNdOtRBTGbtBysYi+aQqXjUIM/qiHFuZdmVcyk248N82GKvsoUF+FLSs+di+PA8zkbO0J08UYMTO2qadVIbuFCkYOcL2LzmUQScNXh+51JMSaluxmL8pMg1OE6hraNPfZ6I99Hyswewrv6Y/PwY6tc9gJ+1vB/+UjoY1zbD8kvNZZAc/4pb1+9GR1cr6sqL1NdVLbX4ZeM7Sdy+mU4+YC4IYyynjmWnLS3zQ7p9hWzSjeOtPvW5HIajfvgblFPJOQylkqsxKfr2QV1yjZXpUAcxmbQfHMJYNIdMxaOZ8yzj3NqyKedSPMaH+bBdLSUUff2/4wvqUdr+3o13B6eraCVqmvWoGxvQiIJncGDzj1ALFzyPrYIj5TKUE8TEyIs/uc67P1KfJyD6kyn44X3tDC6qRyljXOvDtGt+MS+kK0eaj9KqWjRVRg5AHMPvWt+WSzdRaeQD5gKVyWPZ1Ov+MQ/oJf38kGZfIZsMW+N2Mdb9W+EoH/5Gze7Om4/rZkStk6pLrkmD2df/1KMOYjJpP1jBWEz9oeVatBmLRxPnWcZ5ephzI9ioP2GAuNWmv+hdLW/E7TdON8GIaRzDgl++0Lz9a5iZ1C/cg/bmZ1BdegNKG95RX7ObHpyoexhranNRufdhrJwzQX3dAGOnYV6xQz1QaHEbnh3j+gIC/hdQW7EootGZi9LqZ9Dc3qO+x8KYF7SRMwWFD1agPOIex8Abp/GuZrfexMFcEJZuLCsbmeyvRmnuUOczt7QaDf4UNjjKNsyj+jIyP2SR4Lun8cbAFVfRMnzryxFrY40kana3VDwP16SX+Gwvq+pAl7YvjLFoDqwHGePc0lgH1mHwNdI5DNvVMqlRayNEb2wwGwuvm5pQIYZ2Ya2twE1jrsLsBd9BWb1d93WSL76ad+D+VUfwTe8T2FI4xeAg/Dyc/3snakry5ef5KKnZif/t/Hz4SymzT1yHBDvRvGEJcguWYNX2wRsaZcrOqt/BgtnLUdFwIonZb3GYcs0v5gVNTZiH29YtVg9kb59Db0YGH5gL0s0FwcAhbFjixILlZagf/B5AoL4MxQVFuKv2WPp5wLTr/mVRHs1mhuWHbBG5tEBiA+TDNxFYjHW3zYOBHxknxtTrf2ZbHejR9ikYi2k9NFuL1ib1MCrGeVqYcylDRqk6nQXfx+k3utQDOZxMP2odNQVY+irmXZPAPk/BE6jb6MV/TbwOi0NJ0a6C6DvxNB68cz++6HkaO5fFWwsic3KkG7B291E5SR7F7rU3jL4JxWjsEtchF9B5oAp3vno9PKHdhdXGpr8LvrpyOEPvacT24vV4POmdl7MF84K2JuCaedcOdVYyuAg4c0EauaDvCGru2In+FXvR1tuvdjzPo63Jg3KnUpvHUL/qYTzb/nH4/ZbDPJoZxuWHrDBsNkgiM7UjL+pkicw4ofiysA40b/sUjEVzYD0MYpxbFOvAUrQ4LVM2fNTagRWLrtV21PrKiZiszcdOYcOCX772WPENFCSysUHOHLg8W+FadgfW/XAtopZ010YWrHkS7DyABwor8dd1Hjzqysc49XVtyXU+8bPqc2PYJq4VPYfx819djb1PPQJX5O7CORIcpY/gqaaH1AvrF1G2oQHtVpzhwrygsRxccdUkDAzrSNdPx+SUWypj84F9csHHaH/2GZzb9CtUuQoxa3CdxQmYVehC1d5dcIV+z8N45vBpWHKiW7bl0azMDQqt8kMKuSEbyqyvC21H1e9WdDNunDnKTO1hcbsY7q3LMGuk8tQ611iZXnWQMGPbvUGMRXMwNB5NEot6YpwbjznXUtKqivREb/k+A7OnajxcdcVVuDpy4sIrp9CVxsq3Wlxo5oyXA1h9bifK7X4b7yzHqZW78dS6+RoOTF5Eb/c59blChzhKir3i+uJfOjFl6wMolC5TX4l0GaTC1dhUrq7x0vh7HD5pvVlTzAt6SrY8zZQP7JQLLscs179ja4xlOnKm/C98b4WSBwJ4+9zfLTk4yTxqhGTK2Wx9BT0MX1ogb+F1mBG3ly+/v6UeG9W4lVwufDfW7BGNc4116VgHMZkxthmL5pDpeLRDno3EODdepmNcYbc4z6y41aev4Vu+JzTSnazoxW8/PIfzH6Z6WRREX8dJHFWPTBeIJl4LIjQwecf9ePWrj+GpLQsTm0bf146WhDZQkBPEubPqc5k0E9Mnj3SBlyn2iuuxjhX4gSNeUp+EgkVFagydxbleq7WszAva+xin3jyCt5Wnzu/htvmRO+KNxkz5gG3ckMtx1dXj5f9rtwC9uWRhHs3K3KBINT9okBtMX2aRa9wmcK71+fDEI3Xh9zsfwt4tt8Te3VTTXGNlOtZBTGbrBysYi+aQ6Xg0YyzqiXFuvEzHuMJucZ5ZSVeHZtLe1TIR4zB19gz1uSxwDt1/T/XEjgx+mR4XmhYUHpgsRd2M7XICSHBgUtkYYOuP8bvz/5BAgH6AM0cjdjeeOxNTB28pNADjOkrkLXhXY9L4uE1GFmJe0FzfW3huj3K7xWK4q++CI6nz2UT5gLkgwsc4f7YXkmsDfqDJAvRmwzyaMSnnB5P1FfQQucatVIRFBfEGbrvhf/xhlLUoUauUZayZuwO0zDUWpmsdxGLC2GYsmkPG49EGeTYS49x4zLmWY1BJXkDnyw2DU3CT3tUyYZdj5o03R6zl1oZTXandDhVsfw7btut9oWktgwOTX6xC886lCXwycQEB/wuorXRhQd20URKM6uLfcOqV0BwKmdH1wriOy/Q7FSePeSEBoV2IF0FZWy23tBoN8WZE9x1D7epVcscBcLo34764s8lGYJp8wFwQKdj5n3j2/e8n2A5kH+bRNGQqP5iqr6CPYUsLxL1YkvtazTuxvuxF+XkRKpt+hXWjlqV2ucbK9K2DGEwY24xFc8h4PNogz0ZinBuPOdd6jCnKvjfw9C8iFwCfjRm5+nS2c2Z+DbcXDdww8w6OnvlAfZ6Mbrz+XEPE2mFXYPLEKw0qvOwwMDBZ1RJAoH4lvjT+M6GLj/iPf0RuwRKs2n4URVtK4ExkM4GzZ3B0ID8ktEOXjhjXI7goV9FJvK0k7w234MuWmvDDvJCQ91qxuypcSoH6MhQX5GJqaTX2N7ejL/SqLBiA/+CTqFhShFX1QEnNvtTWpjVLPmAuGBRqCzZ04O6dKzAnZqcxmzGPpiVT+cFMfQVdDF/jVpo6EVeqz4dTLtCqcMeCh9AilaCmtQ5bYqwVG02TXDPsog54++gZRNwcl+X0r4MRmS62GYvmYEA8Wj7PRmKcG48515JERvWL3rYm4SkvEsqPHnpIwlleL3xdn6jv09JHos2zfPBnSeVN4rz6lYT0tolGd4mQU0PE7ys/nJXC25bUdwrr8oqS0PfIEyXev6ovWkt/V6OodErDyyupx3LhaftI/W7x9IvzTZVDdVPkEW396pcyinEdU/9p4XXlC0irhbdDj3IwCPNC4npbhTvBfCCVuIXX1yWfUakwQz5gLghTyuEPwuspF87B71cu6lKuW5NiHk1fRvKDWfoKejormsodEeWl5ByPaBqMw8jclGo+SjPX9HeJ1pro86VIlNe1ii5L1Ecm6iCaGWObsWgOmY5HO+TZSIxz4zHnWlGGBiejgyfewyncvl7132nkfJMol9Tvn+cWvk/V12NK5vdVHkn8zlYfnPzUJ9x50eWT5CPhEz0yaTtEedNZ9fVMYVyPpr/NI4qQL1ze03I6z3bMCynrbRNN+9yiZCBeIx7KgMM+74GIzkSqjMwHzAVDeoXP7RzheyiPxfL3+UB9X7ZiHtWc7vnB6L5CBkTmAKlEuPc9IcqjB31Dr6dZlknnGqVb6BZ5kb9HzMe9wtuVwDc0q0zVwTAmjG3GojlkPB5tkGcjMc6Nl/EYV9gszg2Q4ZmTRokMpERn5enEBjMnM6b/uPAUqUnIlp9cmCiuR6LO9pFcXtHBT5XiY15In63zgRlzgfKJ9R/EvuiZhc4a4etlQkgY82j6bJAbIi9Gk55dkxST9zsMlLk6iGDC2GYsmkPG49FmfTDGufGYc63JJrfIX45Zt62H2ylfIuEw9jz31tBaRpS1hhbBXQz31mWYZbsFH8wc1xfQecCNNaduxd4tt1hyEwwyF3vnAzPmghyMm+XEret/jfbjdShRfjVFy3P4Q9uH6gHFxzyqBevnho9x6s0jCC+BlYeFX7kGE0LP9cD+9MgyWQdDzBfbjEVzyHw82qsPxjg3HnOuVdmnSMcV4L7qMjgRQEtNPRo7L6hfoOz0Plo8v0QjpNR29bUKk8Z1sPMFbC7/CFseW4tC6TL1VSK9MB+Yt43Lwbg538XWXavl2lGkummP/TCPasEGuSF4GoefOawezMPX869Wn+uE/elLZboOQkwY24xFc8h4PNqsD8Y4Nx5zrmXZaLxXvkByrMJjHhekwKNYs/kFdAbVL1GWCaLPvwePbPcDzjJU31eQ/K6+lmHCuO47ghpXI254YQdcczLxORbZG/NBmJnbuMsw5RvLsGJg9iSNjnlUAzbJDe/9GX8MzeSQFd2MG2deHn6uG/anL5HxOjBpbDMWzSGj9WDDPhjj3HjMuZZls8moEzBn5cPYW1mEQO2PsPnAGTnUKOv0+fD4ejdapNXw7l0Nxzi7z6k2UVz3HUPt6mqcq9iElbygpkxgPohg4jZuwjX4ysI8+ck/Y+60z4Vfo5Exj2rDFrkhiJ7jPhxSj/IWXocZGfkz2Z8eYkAdmDK2GYvmkOF6sF0fjHFuPOZcK7NfyeZMQeGWWjRV5qK2eDVq/N3qFygrBDvRvHUTytq+CU/zViybwlvdQswQ16G62YWTpTuwpXCKDZMLZRzzwaXM3sZJX8W8a65QD+gSzKPasE1uOAffS40Izx9xoHjeNIwNPc8A9qdVGa4D08Y2Y9EcMlgPtuyDMc6Nl+E64LVGRtmz3xs6uevQWvPfUFNwOzY0d9r8U7Ys0XcCDZUuLHj1a2jyP8Zb3aIZGddK4t64FrtnrsGGOBfUwcAxvB7gWimkAeaD2MzYxvX8Ba2HPgvXrnvhnMAhtxExj2rDRrkh2P4ctim3mYUU4CtfyvAaWOxPZ7YOTBzbjEVzyFg92LQPxjg3HnOutdn3CiFHwvy1T8LvuxP9j3wbd+14BQE7tmJZ4QIC/j2oWHInDk7ejK6mH3FzgFiMiOvBC+rNeNSVH2MNjnAdVq58Fh9cmbHPGMmSmA8SkslcEDyDhlVzMSa3FDuOBEboKHfD/0QN9nzzx3h46TQbdzziYB7VgJ1yg/K3NqDmJzvQqL4C/P9offVk5ndytW1/OpN1YObYZiyaQ6bqwcyxqCfGufEyWQd2jXMTECREf5fw1bmFx9ervqCX8+K4xyUkudiVopdK6sTx3n71axTTp68JzyaPaGo7r75ACclEXPd3iKbKolA8J/KQypvks4CGY15ICvNB8vTOBZ/6hDtv4DzPFyXu34s2NYb7u1pFXflyUVJzWHQxrEfGPKoNW+SGj0SbZ/mIcTH8sVx42j5S/00GZaw/bSQD6sCUsc1YNIcM14Pt+mCMc+Mx59rJGOU/coWSrvrgr16CgrIW9ThKnhu+E+vh4EQIyirvo7niZiwYnFo/msVw+/ZivSPDt0CYFvMCWUUQfe2H8PhP1qOs/pj6msxZDs/3v4bp+TehcBZvhRkZ8ygREREREQcniYiIiIiIiIiIyBBc+omIiIiIiIiIiIgMwcFJIiIiIiIiIiIiMgQHJ4mIiIiIiIiIiMgQHJwkIiIiIiIiIiIiQ3BwkoiIiIiIiIiIiAzBwUkiIiIiIiIiIiIyBAcniYiIiIiIiIiIyBAcnCQiIiIiIiIiIiJDcHCSiIiIiIiIiIiIDMHBSSIiIiIiIiIiIjIEByeJiIiIiIiIiIjIEBycJCIiIiIiIiIiIkNwcJKIiIiIiIiIiIgMwcFJIiIiIiIiIiIiMgQHJ4mIiIiIiIiIiMgAwP8Fh/Wkj1px7FgAAAAASUVORK5CYII=',0,23),('john','1234','patient','John','Doe',0,NULL,0,44),('user1','password','patient','Avi','Levy',1,NULL,0,0),('user2','password2','patient','Shira','Cohen',0,NULL,0,0),('user3','password3','patient','Danny','Golan',0,NULL,0,0),('user4','password4','patient','Roi','Friedman',0,NULL,0,0),('user5','password5','patient','Lion','Asraf',0,NULL,0,0),('yarden','11111','physiotherapist',NULL,NULL,0,NULL,0,0);
/*!40000 ALTER TABLE `users` ENABLE KEYS */;
UNLOCK TABLES;

--
-- Table structure for table `usertrainingsessions`
--

DROP TABLE IF EXISTS `usertrainingsessions`;
/*!40101 SET @saved_cs_client     = @@character_set_client */;
/*!50503 SET character_set_client = utf8mb4 */;
CREATE TABLE `usertrainingsessions` (
  `id` varchar(45) NOT NULL,
  `user` varchar(20) NOT NULL,
  `taining_date` varchar(45) DEFAULT NULL,
  PRIMARY KEY (`user`,`id`),
  UNIQUE KEY `id_UNIQUE` (`id`)
) ENGINE=InnoDB DEFAULT CHARSET=utf8mb4 COLLATE=utf8mb4_0900_ai_ci;
/*!40101 SET character_set_client = @saved_cs_client */;

--
-- Dumping data for table `usertrainingsessions`
--

LOCK TABLES `usertrainingsessions` WRITE;
/*!40000 ALTER TABLE `usertrainingsessions` DISABLE KEYS */;
INSERT INTO `usertrainingsessions` VALUES ('1','user1','2023-09-04'),('10','user1','2023-09-11'),('6','user1','2023-09-07'),('7','user1','2023-09-08'),('8','user1','2023-09-09'),('9','user1','2023-09-10'),('11','user2','2023-09-07'),('12','user2','2023-09-08'),('13','user2','2023-09-09'),('14','user2','2023-09-10'),('15','user2','2023-09-11'),('2','user2','2023-09-03'),('16','user3','2023-09-07'),('17','user3','2023-09-08'),('18','user3','2023-09-09'),('19','user3','2023-09-10'),('20','user3','2023-09-11'),('3','user3','2023-09-04'),('21','user4','2023-09-07'),('22','user4','2023-09-08'),('23','user4','2023-09-09'),('24','user4','2023-09-10'),('25','user4','2023-09-11'),('4','user4','2023-09-05'),('26','user5','2023-09-07'),('27','user5','2023-09-08'),('28','user5','2023-09-09'),('29','user5','2023-09-10'),('30','user5','2023-09-11'),('5','user5','2023-09-06');
/*!40000 ALTER TABLE `usertrainingsessions` ENABLE KEYS */;
UNLOCK TABLES;
/*!40103 SET TIME_ZONE=@OLD_TIME_ZONE */;

/*!40101 SET SQL_MODE=@OLD_SQL_MODE */;
/*!40014 SET FOREIGN_KEY_CHECKS=@OLD_FOREIGN_KEY_CHECKS */;
/*!40014 SET UNIQUE_CHECKS=@OLD_UNIQUE_CHECKS */;
/*!40101 SET CHARACTER_SET_CLIENT=@OLD_CHARACTER_SET_CLIENT */;
/*!40101 SET CHARACTER_SET_RESULTS=@OLD_CHARACTER_SET_RESULTS */;
/*!40101 SET COLLATION_CONNECTION=@OLD_COLLATION_CONNECTION */;
/*!40111 SET SQL_NOTES=@OLD_SQL_NOTES */;

-- Dump completed on 2023-09-09 16:07:16
